Method,F1-Score,Precision,Recall,Silhouette_Score
SVM,0.9944231439525967,0.9944231439525967,0.9944231439525967,
Random Forest,1.0,1.0,1.0,
K-Means (k=5),,,,0.26539194383054215
